Title,Genre,Premiere,Runtime,IMDB Score,Language
And Knowledge By,Action,"November 19, 2020",146,4.2,Italian
Nation Seek Matter,Mystery,"December 26, 2020",65,3.4,English
Remain Around Contain,Documentary,"December 15, 2021",77,4.8,Hindi
Himself Mind Goal,Thriller,"December 26, 2021",88,4.7,English
Week Across Once,Mystery,"March 10, 2020",81,4.6,English
Need Will Since,Drama,"March 04, 2022",136,2.5,Japanese
Benefit Far Sea,Thriller,"June 20, 2023",115,2.1,Hindi
Year Serve Understand,Comedy,"June 17, 2021",65,2.1,English
Space Fund Material,Comedy,"October 28, 2020",134,1.1,Hindi
Standard Likely There,Thriller,"December 22, 2020",104,1.3,English
Here Economic Seat,Drama,"May 23, 2021",58,2.0,Italian
Member Person Good,Action,"September 12, 2020",78,2.4,Chinese
Crime Foot Cultural,Action,"May 29, 2021",136,4.9,Italian
Bag Travel Key,Drama,"May 09, 2022",59,1.3,Chinese
Natural Force Suffer,Horror,"January 24, 2020",105,2.8,Italian
Care Then Follow,Comedy,"August 26, 2023",144,2.1,Chinese
Risk Laugh Much,Documentary,"April 12, 2021",143,4.2,English
Write Inside Environmental,Horror,"December 28, 2022",143,4.0,Italian
Base Benefit Fall,Documentary,"November 01, 2020",61,2.5,Hindi
Wait Order Of,Mystery,"August 19, 2023",116,3.1,Italian
Degree Short Low,Mystery,"December 29, 2022",139,3.5,English
Direction If List,Drama,"June 17, 2023",91,3.5,Italian
Provide Help Most,Comedy,"November 19, 2021",76,5.0,Hindi
Somebody Effect Left,Horror,"February 03, 2021",126,1.2,Japanese
Line Focus Son,Romance,"June 14, 2022",59,4.7,Italian
Wish Attack Be,Action,"May 17, 2020",95,1.9,Chinese
Day Respond Whom,Drama,"March 22, 2020",58,3.0,Chinese
Tend With Almost,Horror,"January 08, 2021",106,4.8,Japanese
Large Official Effort,Thriller,"October 26, 2021",50,4.6,Japanese
Expert Generation Ball,Documentary,"November 29, 2021",130,2.4,English
Floor That Task,Horror,"April 08, 2020",51,3.3,Italian
Hundred Kid Argue,Mystery,"January 05, 2022",80,2.0,Chinese
Science Language Role,Thriller,"June 24, 2021",108,1.3,Chinese
Else Degree Area,Thriller,"July 07, 2020",134,5.0,Chinese
Tough Gas Happen,Horror,"May 28, 2022",59,3.7,Hindi
Exactly Your Deep,Comedy,"September 13, 2021",65,3.5,Hindi
Open Next Institution,Action,"January 22, 2022",71,2.7,Japanese
Particularly White Push,Comedy,"August 06, 2023",130,1.0,Spanish
Second Because Clear,Horror,"June 12, 2022",126,4.8,Hindi
Tonight Consumer Reach,Action,"December 22, 2021",118,4.9,Chinese
School Six Work,Horror,"June 15, 2021",56,1.4,Spanish
Ability Boy Natural,Mystery,"July 08, 2021",98,4.2,Chinese
National Mother Case,Thriller,"May 31, 2023",123,3.3,Hindi
Voice Force Discussion,Comedy,"June 01, 2020",119,2.1,Chinese
Lot Girl Enter,Horror,"November 05, 2021",86,3.7,Chinese
Foreign Three Last,Romance,"March 02, 2022",96,3.7,Italian
Phone Sell Fill,Romance,"March 28, 2020",88,4.1,Italian
Point Stage Represent,Documentary,"September 22, 2021",98,1.9,Hindi
Where Drop Return,Horror,"June 02, 2023",145,3.9,Chinese
Act Measure Know,Documentary,"February 08, 2022",124,3.1,Spanish
Hope Them Never,Horror,"March 24, 2022",83,4.5,English
Middle General Image,Drama,"December 15, 2022",130,3.8,English
Speech Boy Door,Action,"June 19, 2022",54,1.9,Spanish
According Join Wrong,Action,"September 08, 2020",69,4.2,Hindi
Born Yet Society,Mystery,"April 09, 2022",69,2.3,Hindi
List East Behavior,Comedy,"June 11, 2021",91,4.6,Japanese
Attack Color Himself,Documentary,"December 23, 2022",128,1.6,English
Professor Education Travel,Comedy,"June 14, 2023",143,4.8,Italian
Build Surface Say,Comedy,"December 03, 2022",140,2.8,Japanese
Could Push Church,Horror,"May 31, 2022",77,3.4,Hindi
Firm Deal Goal,Drama,"May 06, 2020",108,2.3,Italian
Country Support Agent,Horror,"August 20, 2022",71,3.2,Chinese
Together Option Family,Thriller,"August 15, 2022",126,1.1,Hindi
Stand Fish Stuff,Comedy,"March 06, 2023",91,1.5,Italian
Sense Draw Actually,Romance,"March 12, 2022",82,1.3,English
Too Life Head,Mystery,"February 16, 2022",108,3.4,Italian
Note Student Protect,Romance,"July 29, 2021",67,2.1,English
Teacher Image Rate,Mystery,"April 17, 2020",54,4.0,Hindi
Success These Ask,Drama,"September 07, 2022",107,1.5,Spanish
Drive Rise Try,Thriller,"May 11, 2022",139,1.2,Japanese
Fact Form Wife,Drama,"September 20, 2020",125,4.0,Spanish
Happen Raise Thank,Horror,"April 07, 2022",102,2.8,English
Point Successful Design,Action,"December 13, 2021",131,1.8,Chinese
Coach Political Agreement,Horror,"February 05, 2020",105,3.4,Italian
Indicate Myself Measure,Mystery,"February 12, 2021",145,4.0,Spanish
Particular Kid Reason,Documentary,"September 09, 2022",77,3.1,Hindi
Republican Medical Become,Mystery,"December 10, 2022",105,4.8,Spanish
Live Cover Sea,Thriller,"March 30, 2022",80,2.6,Spanish
Interest Series War,Comedy,"December 06, 2021",95,3.0,Italian
Here Easy Eye,Documentary,"October 19, 2022",123,2.9,Hindi
Several Discussion Under,Mystery,"March 30, 2020",68,4.8,Japanese
Admit Give Thousand,Comedy,"January 24, 2020",148,1.3,Hindi
Responsibility Fast Give,Action,"July 14, 2023",134,1.5,Japanese
Politics Receive Although,Drama,"June 09, 2021",133,4.7,Italian
Staff Capital Those,Mystery,"May 11, 2023",103,4.6,Italian
East Product Travel,Comedy,"October 03, 2022",77,1.6,Japanese
Authority Research Affect,Romance,"August 06, 2021",68,2.5,Spanish
Party Lose Along,Documentary,"September 05, 2022",96,4.1,English
Put Girl Property,Horror,"May 31, 2022",96,2.7,Italian
Option Interest Already,Drama,"July 01, 2020",132,3.7,Chinese
Human Modern Performance,Thriller,"August 22, 2023",121,1.1,Japanese
Break Assume Face,Mystery,"June 14, 2020",94,3.0,Hindi
Value Usually Since,Mystery,"March 09, 2020",126,2.8,Japanese
Almost Bag For,Romance,"May 25, 2021",53,2.6,Japanese
Above Parent Organization,Comedy,"August 23, 2023",61,1.0,Hindi
Growth Brother None,Documentary,"July 09, 2022",140,1.2,Japanese
Shoulder Option Consumer,Comedy,"June 02, 2020",139,1.1,Italian
Tax Future Think,Thriller,"October 05, 2022",74,1.6,Japanese
Home You Maybe,Comedy,"July 05, 2023",91,3.6,English
Majority Improve Now,Comedy,"April 22, 2022",116,3.1,Italian
At Child Much,Documentary,"May 16, 2023",146,2.3,Italian
Quickly Former Pressure,Documentary,"August 31, 2020",107,1.9,Hindi
Activity Fast Cost,Drama,"February 10, 2022",54,3.0,Hindi
Expert Letter Different,Action,"June 09, 2020",70,4.4,Hindi
Coach Character Call,Comedy,"December 30, 2020",83,2.1,Spanish
Allow Pm Many,Drama,"June 14, 2020",115,1.5,Hindi
Artist Though Career,Drama,"November 14, 2020",108,2.5,English
Fine Loss Sea,Romance,"February 26, 2023",50,1.8,Hindi
Form Feel There,Comedy,"January 25, 2020",82,1.5,Chinese
Defense Series Simple,Horror,"January 02, 2020",80,1.8,English
Realize It Again,Romance,"July 06, 2021",148,2.1,English
Prove Boy Audience,Romance,"June 04, 2023",106,4.7,Hindi
Small Act When,Documentary,"April 19, 2022",117,2.6,Hindi
Happen Card Fear,Drama,"January 19, 2022",64,2.1,Italian
Song Own Door,Documentary,"February 09, 2021",113,3.6,English
Movie Ball Sit,Comedy,"June 03, 2020",145,3.5,English
Somebody Do Per,Mystery,"December 14, 2022",113,1.4,Hindi
Side Trouble Military,Drama,"June 30, 2021",59,4.0,English
Drop Direction Receive,Thriller,"June 21, 2020",118,4.7,English
Call Really Draw,Horror,"September 10, 2023",104,1.2,Hindi
Resource Very To,Documentary,"August 05, 2020",147,4.0,English
Character Next Relationship,Romance,"January 23, 2020",118,1.3,Japanese
Yet Alone Individual,Documentary,"December 17, 2020",68,2.2,Spanish
Then Tough Republican,Drama,"June 08, 2021",113,4.5,Italian
History Doctor My,Documentary,"September 10, 2023",103,3.9,Chinese
Bad Hot Foreign,Romance,"April 04, 2023",68,1.1,Spanish
Believe Poor Somebody,Romance,"April 04, 2021",115,4.1,Italian
Who Former Some,Horror,"June 04, 2020",102,3.0,Chinese
Increase Page Message,Thriller,"February 05, 2020",135,2.9,Chinese
Whom Alone Happen,Horror,"June 16, 2022",74,1.3,Italian
Ready Training Stage,Horror,"September 24, 2022",113,2.9,Japanese
Believe Art Only,Drama,"October 25, 2022",105,1.5,Hindi
Miss Still Respond,Action,"January 21, 2023",56,1.9,Chinese
Of Pay International,Comedy,"February 20, 2021",72,2.4,Hindi
Popular Painting Summer,Mystery,"August 27, 2021",59,3.3,Japanese
Subject Sea Place,Mystery,"February 06, 2022",59,2.6,English
Raise Shake Book,Documentary,"March 23, 2020",51,2.7,English
General Most Capital,Mystery,"May 02, 2021",61,3.8,English
Win Yourself No,Drama,"August 06, 2020",98,1.7,Spanish
The Risk Father,Action,"February 28, 2021",148,2.9,Hindi
Popular Well System,Romance,"March 10, 2022",117,4.8,Spanish
Yard Artist Design,Romance,"July 31, 2020",83,1.4,Chinese
Many Because Enter,Thriller,"December 27, 2021",146,4.6,English
Choose Why Agreement,Mystery,"January 27, 2022",73,4.3,Chinese
Subject Fine Owner,Horror,"April 18, 2022",88,3.7,Japanese
Ability Tough Will,Documentary,"February 26, 2023",125,2.0,Italian
Hot Protect And,Romance,"April 09, 2020",97,3.2,Hindi
Thus Low Serious,Documentary,"January 15, 2021",58,2.4,Italian
Along Idea Beat,Mystery,"April 18, 2023",117,2.5,English
Claim Article Song,Drama,"January 23, 2023",124,4.8,English
Claim Modern Adult,Thriller,"March 20, 2022",88,2.8,Hindi
Should Cup Easy,Drama,"April 26, 2021",51,2.6,Chinese
Food Read Direction,Action,"June 22, 2021",95,5.0,English
Prevent Option Beyond,Drama,"January 16, 2021",130,2.6,Italian
Open May Human,Thriller,"June 29, 2020",94,3.4,Hindi
Live Federal Tell,Thriller,"January 14, 2021",56,2.3,English
Anything Especially Program,Horror,"September 27, 2020",144,3.3,Chinese
Just Family Design,Documentary,"August 05, 2021",101,2.5,Chinese
Employee Part Per,Romance,"August 30, 2021",85,5.0,Spanish
Worry Agreement Grow,Drama,"October 04, 2020",147,1.5,Chinese
Dream Just Congress,Action,"August 09, 2022",136,2.3,Italian
Majority Full Enter,Drama,"May 09, 2021",140,2.4,Italian
Star Final Company,Comedy,"April 28, 2021",70,1.2,English
Another Friend Determine,Horror,"January 09, 2021",102,1.3,English
Son Account North,Comedy,"July 26, 2020",95,4.9,English
Food Certainly Sea,Romance,"November 27, 2022",112,2.3,Hindi
Parent Nothing Teach,Action,"March 18, 2022",120,1.9,Chinese
Create Me Animal,Action,"October 21, 2020",149,3.1,Hindi
Arrive Certain Sea,Horror,"June 12, 2022",60,4.2,Japanese
Represent Care Evidence,Documentary,"November 05, 2022",124,3.6,Chinese
Reality Material Begin,Action,"October 15, 2020",90,3.8,Chinese
Money High Between,Horror,"March 30, 2023",69,4.3,Italian
Start Relationship Could,Action,"February 22, 2020",50,3.1,Hindi
Poor On Name,Comedy,"April 18, 2023",129,3.4,Chinese
Explain New Field,Thriller,"April 19, 2023",142,2.7,English
Drug Opportunity Pay,Mystery,"March 05, 2023",143,3.4,Hindi
Mention Analysis Price,Drama,"October 22, 2022",110,2.2,Japanese
Million School Performance,Action,"February 27, 2023",134,3.9,Chinese
Market Professor Figure,Documentary,"January 28, 2023",111,1.6,Japanese
Mr Strong Forget,Action,"February 16, 2021",70,3.1,English
Wife Enjoy Beyond,Drama,"November 12, 2020",55,2.9,Hindi
Among The Sell,Action,"April 12, 2021",139,3.3,Hindi
Knowledge Clearly I,Thriller,"December 06, 2020",74,2.8,Chinese
Report Piece Home,Action,"February 27, 2022",131,4.5,Italian
Score Gun Old,Mystery,"February 05, 2023",102,4.1,Chinese
Fight Environment Whom,Drama,"July 24, 2020",91,4.2,Hindi
Before Late Save,Action,"January 02, 2023",116,3.5,Hindi
Conference Vote Call,Comedy,"October 16, 2021",107,2.3,Spanish
Try Also Lot,Comedy,"October 06, 2020",139,4.7,Chinese
Professional Blood Other,Documentary,"September 22, 2021",140,3.3,Spanish
Approach Relate End,Mystery,"November 06, 2022",137,1.1,Italian
West Mr Kind,Romance,"August 19, 2022",129,3.2,Chinese
Finally Total Difficult,Documentary,"May 06, 2023",101,1.6,Italian
Bank Much Group,Horror,"July 20, 2020",101,5.0,English
Treatment Then Mention,Documentary,"January 19, 2023",141,3.2,Italian
Audience Agency Create,Documentary,"August 31, 2023",123,3.1,English
Prevent Security Reduce,Romance,"October 30, 2020",92,2.8,Spanish
State Side Value,Thriller,"June 30, 2021",138,4.0,Chinese
Three Name Worker,Horror,"December 29, 2020",71,1.5,Chinese
Painting Open Hair,Comedy,"March 10, 2021",96,1.6,Spanish
Reason Story Region,Comedy,"January 24, 2020",103,1.1,Japanese
New Service Pretty,Romance,"April 19, 2022",52,1.4,Spanish
Break Technology Main,Action,"April 18, 2021",115,1.3,Japanese
Fire Knowledge Send,Mystery,"March 24, 2022",122,2.8,Japanese
Budget Apply Recently,Romance,"September 29, 2020",118,1.3,Italian
International Director Hospital,Action,"January 24, 2023",121,4.7,Spanish
Very Until Type,Drama,"May 18, 2022",109,2.9,Spanish
Check Including Nation,Thriller,"January 31, 2021",83,3.0,Chinese
Billion Stay Local,Horror,"March 18, 2022",106,2.0,Italian
Always Bill Live,Comedy,"March 31, 2023",140,2.7,Chinese
Lay Man Explain,Mystery,"December 28, 2022",124,2.8,Spanish
Imagine Director Film,Documentary,"July 23, 2020",83,3.3,Hindi
Myself Answer Spring,Action,"January 24, 2023",88,2.7,Japanese
Magazine Night Analysis,Documentary,"August 07, 2022",79,4.4,Spanish
Worry Political Pattern,Drama,"June 01, 2022",55,1.4,Italian
Decade Someone Next,Horror,"May 09, 2020",120,4.6,Spanish
Century Technology Probably,Horror,"April 19, 2021",51,3.3,Chinese
Low Receive Agree,Horror,"June 30, 2021",143,1.6,Spanish
Produce Like Name,Drama,"August 10, 2023",88,4.1,Hindi
Anything Third Few,Comedy,"January 10, 2022",146,4.5,English
Happen Democratic Four,Horror,"January 11, 2022",105,3.7,Chinese
Company Suggest Detail,Thriller,"November 29, 2022",73,1.7,Japanese
Because Charge Also,Horror,"May 11, 2021",143,2.7,Hindi
Stage Could Cup,Mystery,"January 01, 2022",101,3.6,Hindi
Break Though American,Drama,"April 16, 2022",132,4.0,Spanish
Continue Hear Western,Thriller,"August 15, 2023",50,2.1,Spanish
Where Foot Radio,Thriller,"June 19, 2022",138,3.8,Chinese
Bring Onto Enter,Action,"February 09, 2020",136,4.2,Spanish
Unit Still Religious,Horror,"May 13, 2023",115,1.1,English
Over Employee Behind,Romance,"July 09, 2023",102,1.9,Japanese
He Gun Yourself,Mystery,"September 11, 2021",105,3.3,Italian
Trip Either Note,Mystery,"December 16, 2021",81,3.1,Japanese
Follow Try Again,Drama,"November 23, 2021",124,4.8,Spanish
Once Whole Because,Thriller,"August 24, 2023",80,2.4,Italian
Employee Factor Us,Comedy,"April 02, 2022",52,4.0,Japanese
Go Adult Majority,Documentary,"May 16, 2020",107,4.3,Chinese
Sister Method Again,Horror,"August 27, 2021",57,1.8,Spanish
Serve Guy Quite,Drama,"December 11, 2021",141,3.1,Italian
Ground Wrong Ever,Comedy,"July 18, 2021",119,1.2,English
Class Focus Start,Comedy,"December 30, 2021",119,4.3,Spanish
Spend Attorney Necessary,Horror,"November 30, 2020",69,2.5,Hindi
Create Assume Open,Action,"June 14, 2020",68,4.7,Chinese
Month Third Field,Action,"August 27, 2021",65,1.3,Italian
Interest Despite Fight,Drama,"May 26, 2021",110,1.3,Italian
Activity Series Establish,Mystery,"May 05, 2020",135,4.7,English
Toward Should Economic,Action,"August 13, 2022",123,1.8,Japanese
He This Cultural,Action,"November 05, 2022",81,4.7,Hindi
Seat Exist Local,Thriller,"December 26, 2020",96,2.0,Hindi
Woman Probably Prove,Horror,"June 20, 2021",119,3.2,Spanish
Rock Loss Main,Romance,"May 04, 2022",143,4.1,Spanish
Describe These Music,Action,"October 21, 2021",54,2.8,Hindi
Truth Cup Democratic,Documentary,"September 01, 2022",134,3.3,Spanish
Performance Road Director,Mystery,"April 19, 2020",137,4.8,Japanese
Message Painting Forget,Thriller,"October 23, 2022",115,4.9,Hindi
Within Mention Above,Romance,"June 10, 2021",61,2.4,Spanish
Hit Seat Growth,Drama,"May 24, 2020",122,2.7,English
Tax Budget Power,Drama,"May 12, 2021",132,3.9,English
Garden Fish Note,Horror,"June 09, 2022",86,3.7,Italian
Issue Grow Position,Thriller,"February 10, 2021",111,3.1,Hindi
Out No To,Thriller,"October 14, 2020",110,3.9,Japanese
Price Around Owner,Thriller,"February 05, 2022",116,4.0,Italian
Case Executive Keep,Thriller,"February 02, 2020",92,3.7,Chinese
Hospital Artist Focus,Drama,"March 24, 2021",121,1.1,Spanish
Military Image Prove,Comedy,"March 01, 2021",136,3.3,Italian
Mean Specific Strong,Drama,"March 23, 2023",85,1.6,Chinese
Spring Option Half,Mystery,"December 21, 2020",113,2.7,Italian
Positive Allow Sport,Mystery,"October 31, 2022",104,2.4,Italian
Include Painting Factor,Thriller,"March 02, 2023",56,2.9,Spanish
Step Guess She,Documentary,"April 04, 2023",99,3.5,Hindi
Several Myself Story,Comedy,"June 16, 2022",147,1.2,Italian
Once Economy Again,Comedy,"March 15, 2023",61,4.2,English
Summer Plan How,Documentary,"April 14, 2022",108,3.3,Japanese
Ball Break Property,Mystery,"September 13, 2023",121,3.4,Japanese
Society Life Business,Comedy,"February 13, 2023",121,1.2,Japanese
Lead Right Land,Mystery,"June 09, 2023",100,4.5,Italian
Without These Small,Documentary,"January 06, 2022",130,4.6,Japanese
War Life Building,Horror,"July 16, 2020",92,3.9,Spanish
Focus Police Agree,Thriller,"January 23, 2020",54,3.7,Japanese
Offer Allow Near,Thriller,"November 16, 2022",145,1.9,Hindi
Around Now Now,Drama,"January 30, 2020",119,4.4,Hindi
Discussion Center Human,Documentary,"April 11, 2023",68,2.1,Chinese
Product Ready Some,Thriller,"January 14, 2021",138,3.9,Spanish
Recently Fill Big,Documentary,"February 25, 2023",110,2.1,Japanese
Century Film Project,Documentary,"March 30, 2022",121,4.9,English
Kind Include Any,Horror,"December 25, 2021",144,1.8,Japanese
Wish Animal Trade,Action,"March 16, 2022",127,2.1,English
Option Watch Hair,Mystery,"October 09, 2020",137,2.7,Japanese
Future Affect Trip,Mystery,"August 13, 2021",92,2.7,English
Style Number Hundred,Action,"February 27, 2021",120,1.9,Spanish
Exactly Practice Item,Comedy,"March 26, 2022",132,2.1,English
Close Whether Seek,Thriller,"January 07, 2023",80,3.5,English
Camera Bring Claim,Comedy,"June 09, 2020",51,2.9,Japanese
Dark Art Ever,Thriller,"September 26, 2021",111,2.7,Italian
Machine Region Stock,Action,"April 04, 2020",69,1.0,Chinese
Economy Cost After,Drama,"February 15, 2023",84,3.8,Spanish
Attention Along Huge,Action,"October 06, 2021",131,1.9,Japanese
Arm Only Set,Thriller,"April 27, 2021",63,1.7,Chinese
Value Add Service,Horror,"June 17, 2020",80,2.9,Spanish
Coach Include Public,Drama,"May 12, 2020",147,2.3,Spanish
Different Woman Will,Comedy,"December 03, 2021",50,2.0,Spanish
Example Cell Adult,Documentary,"January 08, 2021",60,1.3,Japanese
Blood Price Door,Comedy,"June 28, 2020",70,3.5,English
Choice Treat Although,Thriller,"April 11, 2022",101,2.6,Japanese
Listen Far Message,Action,"October 15, 2020",60,1.5,Hindi
Party Material Recognize,Horror,"January 23, 2022",50,2.7,Spanish
Science Significant Serious,Documentary,"June 11, 2020",114,3.6,Italian
Feeling Within Affect,Action,"February 15, 2020",64,3.7,Spanish
Beyond Material Section,Romance,"December 21, 2022",135,3.6,Japanese
Nor Organization Win,Romance,"November 29, 2020",64,4.8,Spanish
If Suddenly Choice,Romance,"September 17, 2020",95,4.3,Chinese
Entire Receive What,Drama,"December 28, 2020",89,1.5,Spanish
Process Money Cover,Action,"June 16, 2022",138,4.6,Spanish
System Thus Many,Thriller,"May 13, 2020",124,2.3,Hindi
Food Similar Tonight,Mystery,"August 24, 2021",117,2.5,Chinese
Town Wind Program,Drama,"November 16, 2021",56,3.1,Spanish
Worry Modern Production,Comedy,"April 02, 2020",119,3.1,Hindi
Writer Leader Right,Documentary,"July 15, 2022",92,1.6,Italian
Section Represent Quickly,Thriller,"December 06, 2020",112,1.7,Italian
Several Will Goal,Action,"April 27, 2020",94,4.8,Chinese
Hot Maintain Enter,Documentary,"September 22, 2020",104,2.5,Spanish
Structure Up Car,Thriller,"May 31, 2021",129,2.8,English
Reason Time Issue,Drama,"May 21, 2020",70,2.2,Italian
West Director National,Thriller,"October 02, 2020",56,4.3,Japanese
End Recognize Language,Comedy,"January 10, 2020",134,3.9,Hindi
Similar That Behind,Mystery,"March 09, 2022",80,2.5,Japanese
Take Voice Skin,Comedy,"October 30, 2022",80,4.3,Spanish
Turn Matter Fill,Documentary,"August 19, 2022",142,5.0,Hindi
Base Do Military,Documentary,"May 13, 2022",89,3.1,Chinese
Piece Raise Personal,Action,"April 25, 2020",51,3.2,Italian
Identify Without Heavy,Mystery,"March 05, 2023",138,3.6,Spanish
Scene Expect Score,Romance,"September 30, 2020",144,2.4,Chinese
Reflect Beautiful Peace,Drama,"March 02, 2023",134,4.7,English
Meeting Quickly Pass,Horror,"March 17, 2021",96,3.8,Japanese
Important Far Direction,Action,"May 08, 2023",146,2.5,Italian
His Kind Little,Action,"February 22, 2020",107,2.6,Spanish
Through Radio Before,Horror,"August 21, 2022",148,4.0,Hindi
How Chance Start,Horror,"August 04, 2020",146,2.6,Japanese
Purpose Carry Study,Horror,"July 11, 2020",139,4.9,Italian
Senior Office Appear,Comedy,"November 20, 2021",52,3.9,Italian
Beautiful Dream Night,Horror,"May 05, 2021",134,2.5,English
Simply Conference Think,Drama,"November 21, 2021",70,3.0,Hindi
Specific Lawyer Table,Romance,"September 15, 2021",80,3.0,Italian
Politics Wall On,Drama,"November 29, 2021",74,4.2,Hindi
Real Find Line,Romance,"October 16, 2020",140,2.8,English
Land Him That,Drama,"March 15, 2021",97,4.7,Chinese
Keep Clearly Season,Mystery,"May 22, 2023",97,3.9,English
Need Conference Yard,Drama,"April 23, 2021",141,3.0,Spanish
Claim Think Contain,Mystery,"January 21, 2022",73,1.8,English
Base Drop Price,Thriller,"November 17, 2022",129,2.1,English
Simple Think History,Drama,"February 27, 2022",68,4.3,Hindi
Whole However Carry,Action,"May 06, 2020",69,2.5,Spanish
Although Property Turn,Comedy,"June 02, 2023",77,4.2,Spanish
Common Should Role,Drama,"April 19, 2022",121,2.9,Hindi
Among Source Less,Comedy,"April 26, 2021",137,3.8,Japanese
Live Agency Brother,Drama,"January 24, 2020",103,4.9,English
North Policy Whether,Thriller,"July 24, 2020",114,3.3,English
Future Identify Hot,Mystery,"January 16, 2022",116,5.0,Hindi
Since Reflect Base,Action,"April 04, 2023",84,2.4,Japanese
Family Represent Pull,Thriller,"December 13, 2022",69,4.1,Spanish
On Guy Enjoy,Action,"October 30, 2020",109,2.9,Chinese
Form Listen Center,Thriller,"July 07, 2022",58,1.6,English
Plan Stay Chance,Comedy,"February 12, 2021",79,4.5,Japanese
Indicate Night Set,Thriller,"May 13, 2022",57,4.8,Italian
Material Among Idea,Romance,"August 09, 2023",136,2.1,Japanese
Close See These,Thriller,"June 03, 2023",62,1.9,Italian
Window Section Side,Thriller,"March 09, 2020",134,1.3,Spanish
Break Issue World,Horror,"December 26, 2021",113,4.2,Chinese
Face Hour Know,Mystery,"December 11, 2021",146,3.5,Japanese
Last Easy Owner,Drama,"June 21, 2020",100,1.0,Japanese
Man Also Whether,Romance,"May 31, 2022",113,2.6,Spanish
Activity No Yes,Documentary,"November 22, 2020",124,1.9,Chinese
Candidate Impact Begin,Thriller,"December 31, 2021",113,1.5,Japanese
Marriage Will Rather,Horror,"June 29, 2022",89,1.6,Hindi
However Laugh Place,Comedy,"May 19, 2023",74,3.5,English
Notice Head Enter,Horror,"May 18, 2022",99,1.6,Chinese
Accept That Crime,Drama,"February 17, 2021",135,1.1,English
Soon North Democrat,Mystery,"December 28, 2021",146,1.3,Spanish
Read Keep Too,Comedy,"November 05, 2020",96,4.7,English
Difficult Deal Drop,Action,"September 03, 2021",64,3.5,Italian
Occur Similar Through,Comedy,"June 21, 2020",139,5.0,Spanish
Analysis Lay Stock,Documentary,"March 26, 2021",125,4.5,Spanish
Something Or Student,Thriller,"June 11, 2023",79,4.5,Japanese
Property Yourself You,Documentary,"March 14, 2023",60,2.1,Italian
Than Base Evidence,Drama,"June 08, 2021",80,3.3,English
Commercial Situation College,Horror,"January 18, 2022",51,3.9,Spanish
May Computer Message,Mystery,"April 15, 2020",121,1.2,Chinese
Field Word Ago,Documentary,"March 06, 2021",87,3.1,English
Star Even House,Documentary,"August 16, 2020",116,2.2,Japanese
Performance Real Bit,Romance,"January 18, 2022",75,2.0,Italian
Field And Morning,Romance,"May 17, 2022",114,1.8,English
Real Yourself Local,Horror,"July 23, 2022",113,1.2,Italian
Offer Author Because,Thriller,"February 18, 2023",135,4.0,Spanish
Gas Wonder White,Romance,"August 02, 2022",117,2.0,Chinese
Stop Left Office,Documentary,"December 13, 2021",101,3.1,Spanish
From Middle Computer,Romance,"December 07, 2021",101,1.5,Hindi
Three Can Letter,Mystery,"June 07, 2020",100,4.2,Italian
Would Usually Several,Thriller,"October 01, 2022",69,2.3,Italian
Computer Bed Themselves,Drama,"September 04, 2023",69,4.3,Spanish
Sense Focus Sea,Mystery,"June 14, 2021",83,4.1,Chinese
History Cold Cover,Comedy,"May 29, 2021",119,2.2,English
Debate Law Size,Comedy,"April 10, 2020",109,2.0,Italian
Soon Spend Cause,Horror,"April 25, 2023",64,3.4,English
Show Song Phone,Romance,"June 22, 2021",104,2.1,English
For Teacher Billion,Drama,"October 20, 2022",53,1.3,English
Prevent Step Agency,Comedy,"September 01, 2023",52,4.7,Hindi
Increase Its New,Comedy,"August 29, 2021",106,1.8,Chinese
Risk Thousand Head,Mystery,"August 11, 2023",79,3.3,Spanish
Skill Better These,Documentary,"August 09, 2020",55,2.2,Japanese
Trip Become Statement,Mystery,"March 22, 2020",130,4.5,Japanese
Become Continue Trouble,Action,"March 11, 2021",94,3.5,Japanese
Social Bill Bring,Drama,"July 08, 2020",77,4.2,Italian
May Toward Whether,Action,"April 13, 2022",69,3.3,Spanish
Like Good Fly,Thriller,"October 31, 2021",133,3.2,Hindi
Adult Accept Several,Documentary,"March 10, 2020",127,2.2,Chinese
Like Key Physical,Mystery,"February 20, 2020",148,2.3,English
Rock Bad Well,Action,"March 06, 2022",137,4.3,Japanese
Paper Budget Evidence,Documentary,"June 17, 2021",93,3.6,Italian
Hold Team Activity,Thriller,"August 11, 2022",123,3.7,Spanish
Pick Describe Admit,Comedy,"April 08, 2023",64,2.6,Spanish
Move Hold Analysis,Horror,"October 24, 2022",149,2.2,English
Place Television Fly,Action,"May 18, 2022",74,4.3,Spanish
Challenge Natural Treatment,Drama,"April 22, 2021",136,1.3,English
Young Talk Evening,Horror,"April 25, 2023",69,4.1,Italian
End Discover Article,Documentary,"November 01, 2020",113,3.3,Japanese
System Sing Throughout,Drama,"July 22, 2022",95,2.6,Spanish
Energy Animal Simply,Documentary,"December 21, 2020",79,3.3,Italian
Plan Center Paper,Comedy,"September 19, 2022",70,1.3,Japanese
Follow Simply Seem,Thriller,"August 06, 2023",123,3.2,English
Oil Past Reveal,Documentary,"January 18, 2022",51,3.5,Hindi
Clearly Real Response,Drama,"October 09, 2020",70,3.5,Hindi
Discussion Candidate Explain,Action,"July 24, 2021",88,4.7,English
Eat Way The,Mystery,"December 16, 2022",111,1.1,Spanish
Us Actually Office,Documentary,"June 29, 2022",102,3.4,Spanish
Level Serious Buy,Romance,"July 17, 2023",128,2.6,Italian
Now Stock Memory,Thriller,"July 06, 2022",149,4.3,Chinese
Piece Last Staff,Comedy,"February 15, 2022",120,4.6,Spanish
Require Task Last,Thriller,"March 28, 2021",143,3.6,Chinese
Worry Lawyer If,Thriller,"November 22, 2022",69,5.0,English
Election For Number,Romance,"February 13, 2021",72,4.3,Italian
When Enjoy Their,Thriller,"November 29, 2022",51,2.5,Chinese
Face Step Level,Romance,"May 06, 2020",80,3.5,Japanese
After Agree Tv,Romance,"January 22, 2020",64,1.4,Chinese
The Allow Final,Mystery,"March 07, 2023",84,1.4,Spanish
Court Process Letter,Comedy,"October 13, 2020",115,2.7,Italian
Left Contain Stay,Drama,"March 15, 2023",93,4.3,Italian
Sometimes Behind She,Mystery,"March 22, 2023",87,3.2,Chinese
Letter True Physical,Drama,"July 17, 2023",50,1.8,Hindi
White Middle Next,Thriller,"July 07, 2020",122,2.9,Spanish
Action Plant Group,Action,"January 21, 2020",122,3.1,Hindi
Language Concern Design,Romance,"June 22, 2023",92,2.2,Japanese
Various On News,Horror,"February 20, 2022",70,4.1,Japanese
Possible Nor Policy,Drama,"January 15, 2021",99,2.1,Italian
Much Black Great,Romance,"May 16, 2022",139,5.0,Chinese
Budget Listen Room,Thriller,"August 08, 2020",133,3.4,English
Toward Fight Newspaper,Drama,"January 27, 2020",111,2.5,Chinese
Read Decide Success,Comedy,"June 13, 2022",77,4.8,Hindi
Research Cover Stop,Mystery,"January 26, 2023",94,4.4,Spanish
Dark Travel Especially,Comedy,"June 05, 2022",60,4.1,Hindi
Leader Manager Event,Horror,"July 07, 2020",147,4.2,Hindi
American Region Concern,Thriller,"August 07, 2020",76,1.8,Spanish
Local Paper Talk,Mystery,"November 08, 2020",128,2.0,Chinese
Suffer Language Others,Mystery,"January 03, 2021",59,2.2,Italian
Energy Rate Wide,Drama,"July 10, 2020",120,4.8,Italian
Special What My,Action,"October 11, 2020",141,4.4,English
Mother They Factor,Mystery,"September 13, 2020",133,1.4,Spanish
Mean Treatment At,Documentary,"March 30, 2023",101,2.0,Italian
Nice Information Other,Mystery,"December 22, 2021",76,2.3,English
Upon Stuff Company,Drama,"November 03, 2020",78,3.2,Hindi
Where Challenge Next,Drama,"April 13, 2022",143,2.8,Chinese
Whose Blue Film,Comedy,"May 17, 2023",56,4.5,Japanese
Theory I Knowledge,Action,"September 12, 2020",115,2.8,English
Always Already Admit,Mystery,"October 21, 2020",87,1.2,Japanese
Peace Material West,Comedy,"April 19, 2020",108,4.5,Spanish
Response Purpose Light,Thriller,"February 25, 2022",101,3.6,Hindi
That Performance Per,Documentary,"September 04, 2020",147,1.4,English
Network Edge Remain,Action,"January 20, 2022",141,4.7,English
Blue Remember Movie,Mystery,"February 10, 2023",128,1.5,Spanish
Visit Issue Them,Drama,"January 06, 2022",72,2.4,Hindi
Ready Audience Whom,Drama,"December 28, 2021",129,4.7,Chinese
Source Statement Cut,Horror,"September 29, 2021",85,1.7,Chinese
Unit Change Available,Romance,"August 18, 2022",96,1.2,Chinese
Toward Finally Similar,Horror,"December 28, 2020",116,2.7,Japanese
Either Indicate Standard,Drama,"January 13, 2022",139,3.9,Japanese
Place Better Actually,Thriller,"April 05, 2022",116,4.0,Chinese
What Decision Positive,Mystery,"January 12, 2020",91,3.9,Japanese
Body Hard Wall,Thriller,"October 15, 2021",72,4.4,Hindi
Push Stock Easy,Horror,"May 04, 2022",83,4.7,English
Effort Between Most,Comedy,"February 02, 2021",121,3.5,Italian
Long Third Turn,Drama,"March 09, 2021",50,2.6,Hindi
Senior Court Four,Horror,"April 21, 2020",130,3.1,Spanish
Poor Worry His,Comedy,"October 03, 2021",125,3.4,Spanish
Human Open Feeling,Documentary,"October 24, 2021",92,2.0,English
Policy Relationship Air,Horror,"June 15, 2022",116,2.0,Chinese
Nothing They Chair,Drama,"August 19, 2022",67,4.7,English
Event Such Shake,Mystery,"August 03, 2023",138,4.0,Italian
We Inside Character,Comedy,"February 10, 2023",101,3.6,Spanish
Federal Total Bill,Thriller,"June 16, 2022",67,2.9,Japanese
Respond Reality Ten,Drama,"November 08, 2022",126,1.5,Hindi
Just Bar Relationship,Action,"January 08, 2021",100,2.8,Spanish
