,UserID,first_name,last_name,birthday,country,marital_status,number_of_kids,employment
0,400484,Silvia,Sanchez,20-11-2000,AR,0.0,2.0,Banker
1,282042,Juan,Diaz,29-03-1955,AR,,2.0,Administrative employee
2,430537,Norma,Diaz,03-04-1977,AR,0.0,,Lawyer
3,113561,Pablo,Gonzalez,17-02-1992,AR,0.0,0.0,Banker
4,137679,Markus,Pichler,28-01-1990,AT,0.0,0.0,Consultant
5,104532,Barbara,Huber,02-07-1952,AT,0.0,,Manager
6,282759,Michaela,Mayer,22-05-1993,AT,,0.0,Banker
7,435136,Michael,Bauer,14-04-1968,AT,1.0,4.0,Professor
8,287641,Barbara,Berger,17-09-1998,AT,0.0,0.0,Doctor
9,268495,Martina,Wagner,16-02-1975,AT,1.0,0.0,Lawyer
10,121948,Christoph,Berger,05-01-1990,AT,,1.0,Librarian
11,361542,Sabine,Berger,14-06-1975,AT,1.0,1.0,Consultant
12,277156,Zaur,Mamedov,27-08-1990,AZ,0.0,2.0,Lawyer
13,496577,Elnur,Quliyev,09-08-1967,AZ,0.0,0.0,Administrative employee
14,69163,Elcin,Babayev,26-05-1954,AZ,1.0,1.0,Manager
15,122129,Sevinc,Abbasov,07-09-1994,AZ,0.0,2.0,Administrative employee
16,54921,Sevinc,Aliyeva,22-06-1980,AZ,0.0,4.0,Librarian
17,428638,Elnur,Huseynov,04-12-1966,AZ,1.0,0.0,Doctor
18,184538,Aygun,Hesenov,14-12-1966,AZ,0.0,4.0,Manager
19,157256,Gunay,Abdullayev,22-02-1990,AZ,1.0,0.0,Manager
20,404533,Aygun,Huseynov,25-01-1989,AZ,0.0,3.0,Kitchen staff
21,182779,Arzu,Mamedov,29-05-1952,AZ,0.0,0.0,Lawyer
22,226079,Vuqar,Abbasov,04-01-1993,AZ,0.0,0.0,Manager
23,250269,Elcin,Aliyeva,25-06-1955,AZ,0.0,0.0,Consultant
24,296666,Sevda,Memmedov,01-01-1964,AZ,0.0,1.0,Kitchen staff
25,106103,Aygun,Memmedov,18-08-1965,AZ,0.0,2.0,Administrative employee
26,421229,Sevinc,Babayev,11-09-1958,AZ,1.0,0.0,Professor
27,98529,Sadia,Khan,16-12-1990,BD,0.0,,Kitchen staff
28,110232,Abdul,Islam,06-07-1981,BD,1.0,4.0,Administrative employee
29,251962,Sk,Chowdhury,31-05-1978,BD,,2.0,Teaching Assistant
30,418502,Nurul,Uddin,03-06-1955,BD,1.0,2.0,Administrative employee
31,488782,Kazi,Islam,08-06-1965,BD,0.0,1.0,Web Designer
32,194910,Md,Hasan,10-10-1959,BD,0.0,2.0,Consultant
33,196837,Sumon,Chowdhury,31-03-1954,BD,0.0,3.0,Web Designer
34,285188,Jannatul,Akter,18-07-1991,BD,1.0,1.0,Kitchen staff
35,300276,Md,Uddin,26-10-1997,BD,1.0,0.0,Banker
36,124282,Jannat,Hossain,26-06-1958,BD,,0.0,Lawyer
37,199878,Jannatul,Chowdhury,28-11-1985,BD,1.0,1.0,Kitchen staff
38,460071,Md,Ahmed,15-05-1951,BD,0.0,,Librarian
39,324040,Marc,Jacobs,20-12-1970,BE,1.0,4.0,Teaching Assistant
40,430615,Petya,Georgieva,12-11-1965,BG,0.0,0.0,Web Designer
41,353201,Gergana,Georgieva,08-01-1976,BG,1.0,,Manager
42,291728,Georgi,Ivanov,13-05-1955,BG,1.0,2.0,Librarian
43,147912,Neli,Ivanov,29-09-1973,BG,0.0,0.0,Teaching Assistant
44,337243,Gergana,Petrov,06-11-1997,BG,1.0,2.0,Kitchen staff
45,138786,Plamen,Petrov,24-02-1961,BG,0.0,2.0,Manager
46,354770,Nikolai,Georgiev,13-11-1979,BG,,2.0,Web Designer
47,242680,Елена,Ivanov,18-08-1970,BG,1.0,1.0,Doctor
48,391097,Георги,Petrov,27-01-1991,BG,1.0,0.0,Teaching Assistant
49,238151,Juliana,Lima,21-10-1992,BR,0.0,0.0,Librarian
50,387421,Aline,Souza,25-01-2003,BR,0.0,,Teaching Assistant
51,411184,Jose,Alves,17-05-1993,BR,0.0,0.0,Kitchen staff
52,60958,Lucas,Silva,27-01-1963,BR,1.0,1.0,Manager
53,302532,João,Oliveira,28-01-1957,BR,1.0,0.0,Banker
54,213992,Lucas,Ferreira,13-12-1999,BR,1.0,,Professor
55,464262,João,Gomes,01-12-1996,BR,1.0,1.0,Doctor
56,472226,Vanessa,Silva,06-03-1951,BR,0.0,1.0,Lawyer
57,62654,Julie,Lee,11-10-1960,CA,0.0,0.0,Doctor
58,356332,Kevin,Wong,09-06-1959,CA,0.0,0.0,Consultant
59,452335,Paul,Smith,05-02-1981,CA,1.0,3.0,Lawyer
60,75405,Mike,Chan,04-07-1972,CA,0.0,,Professor
61,455977,Andrew,Chan,11-03-1984,CA,,2.0,Consultant
62,361283,Julie,Brown,16-05-1954,CA,1.0,2.0,Web Designer
63,470140,Melissa,Gill,12-06-1959,CA,,,Administrative employee
64,399610,Mike,Brown,11-01-1982,CA,,,Professor
65,488065,Mike,Li,14-12-1963,CA,0.0,1.0,Librarian
66,465823,Jennifer,Sharma,09-09-1982,CA,,,Web Designer
67,132672,Melissa,Lee,13-04-1986,CA,,0.0,Teaching Assistant
68,64849,Andrew,Kaur,27-11-1950,CA,0.0,2.0,Consultant
69,423400,Jennifer,Patel,14-06-1987,CA,1.0,,Kitchen staff
70,222589,Pascal,Rodrigues,12-06-1998,CH,1.0,0.0,Librarian
71,465432,Markus,Meier,15-11-1986,CH,1.0,1.0,Consultant
72,244554,Marcel,Meyer,26-08-1997,CH,1.0,1.0,Banker
73,343094,Marc,Pereira,03-12-1966,CH,1.0,2.0,Lawyer
74,358653,Daniela,Diaz,05-09-1963,CL,0.0,1.0,Kitchen staff
75,140057,Claudia,Gonzalez,03-06-1988,CL,0.0,1.0,Doctor
76,87373,Daniela,Rojas,21-05-1997,CL,1.0,1.0,Manager
77,303302,Francisco,Rojas,06-10-1953,CL,,,Professor
78,262224,Claudia,Torres,28-11-1968,CL,0.0,2.0,Administrative employee
79,331581,Luis,Soto,18-08-1981,CL,1.0,1.0,Kitchen staff
80,396297,Daniela,Torres,29-06-1982,CL,1.0,1.0,Banker
81,112776,Jose,Rojas,08-07-1992,CL,1.0,1.0,Professor
82,365964,Ana,Contreras,15-04-2002,CL,,3.0,Kitchen staff
83,99207,Cristian,Perez,11-11-1977,CL,0.0,,Doctor
84,176927,Rosa,Muñoz,21-12-1965,CL,1.0,1.0,Banker
85,237124,Carlos,Silva,24-06-1988,CL,0.0,0.0,Kitchen staff
86,359942,Diego,Soto,28-06-1956,CL,0.0,2.0,Consultant
87,368635,Rosa,Castillo,24-01-1968,CL,0.0,1.0,Manager
88,213313,Maria,Silva,19-01-1999,CL,0.0,2.0,Manager
89,411503,Manuel,Muñoz,02-12-1966,CL,1.0,4.0,Administrative employee
90,412921,Rodrigo,Soto,14-03-1968,CL,1.0,1.0,Librarian
91,269113,Diego,Contreras,08-04-1993,CL,0.0,2.0,Professor
92,71189,Manuel,Torres,26-02-1967,CL,1.0,0.0,Librarian
93,152319,Alejandra,Ramirez,30-11-1952,CO,0.0,1.0,Banker
94,318767,Ana,Lopez,12-03-1984,CO,1.0,4.0,Librarian
95,410179,Andrea,Perez,17-05-1972,CO,1.0,0.0,Librarian
96,494234,Paola,Gomez,28-11-1963,CO,0.0,,Librarian
97,315728,Laura,Gonzalez,27-07-1998,CO,0.0,1.0,Manager
98,369741,Karla,Hernandez,07-06-1967,CR,,,Web Designer
99,360188,Roxana,Hernandez,29-05-1999,CR,,1.0,Librarian
100,319584,Martha,Vargas,02-01-1968,CR,1.0,1.0,Kitchen staff
101,106666,Gerardo,Morales,14-01-1985,CR,0.0,3.0,Doctor
102,475339,Gerardo,Mora,02-08-1986,CR,0.0,2.0,Doctor
103,413043,Alejandro,Ramirez,13-08-2004,CR,,3.0,Doctor
104,330694,Alejandro,Morales,26-06-1976,CR,1.0,0.0,Lawyer
105,398698,Ronald,Hernandez,02-07-1955,CR,1.0,1.0,Doctor
106,301342,Maritza,Mora,13-12-1973,CR,1.0,0.0,Consultant
107,319938,Mauricio,Jimenez,19-02-2004,CR,1.0,4.0,Professor
108,293797,Marielos,Mora,18-06-1995,CR,1.0,0.0,Banker
109,80726,Marielos,Ramirez,05-12-1975,CR,0.0,3.0,Administrative employee
110,383591,Flor,Araya,22-04-1981,CR,1.0,,Manager
111,499383,Rafael,Vargas,08-05-1962,CR,0.0,0.0,Administrative employee
112,148589,Josue,Rojas,14-04-2000,CR,0.0,0.0,Teaching Assistant
113,83946,Andres,Ramirez,08-08-1992,CR,0.0,2.0,Administrative employee
114,471069,Kateřina,Svoboda,13-12-1970,CZ,0.0,0.0,Manager
115,164702,Lenka,Procházková,19-05-1964,CZ,1.0,0.0,Consultant
116,219509,Petra,Novák,19-01-1987,CZ,,0.0,Web Designer
117,307991,Josef,Černá,14-01-1995,CZ,0.0,4.0,Consultant
118,489390,Jan,Černý,31-08-1996,CZ,1.0,0.0,Web Designer
119,495946,Josef,Novotný,23-01-1962,CZ,1.0,3.0,Web Designer
120,66824,Michal,Černý,28-08-1956,CZ,,0.0,Kitchen staff
121,286868,Pavel,Dvořák,26-09-1979,CZ,0.0,2.0,Librarian
122,311945,Pavel,Dvořák,07-02-1998,CZ,,0.0,Administrative employee
123,180769,Tomáš,Svobodová,19-05-1980,CZ,0.0,2.0,Lawyer
124,212666,Michaela,Novotný,12-07-1977,CZ,0.0,4.0,Teaching Assistant
125,74311,Hana,Svoboda,12-05-1953,CZ,1.0,1.0,Web Designer
126,170914,Markus,Fischer,29-07-1979,DE,0.0,2.0,Kitchen staff
127,124924,Nicole,Schmidt,26-07-2001,DE,0.0,1.0,Doctor
128,343075,Sebastian,Schmidt,12-07-1959,DE,,2.0,Manager
129,62857,Kerstin,Müller,28-10-1990,DE,1.0,0.0,Administrative employee
130,453681,Rasmus,Jensen,13-07-1987,DK,1.0,4.0,Consultant
131,173195,Louise,Pedersen,19-02-1973,DK,0.0,2.0,Kitchen staff
132,218781,Lene,Sørensen,12-02-1991,DK,0.0,0.0,Kitchen staff
133,94869,Lars,Christensen,09-07-1989,DK,0.0,1.0,Manager
134,253720,Helle,Nielsen,21-07-1992,DK,0.0,2.0,Teaching Assistant
135,69674,Lars,Hansen,19-06-1955,DK,0.0,2.0,Lawyer
136,311389,Mads,Christensen,04-02-1992,DK,0.0,0.0,Consultant
137,166214,Susanne,Sørensen,07-08-2003,DK,0.0,0.0,Administrative employee
138,367710,Susanne,Nielsen,16-06-1970,DK,0.0,4.0,Consultant
139,179940,Jens,Jensen,14-08-1968,DK,0.0,1.0,Manager
140,256419,Rasmus,Rasmussen,27-01-1991,DK,0.0,0.0,Administrative employee
141,188496,Hanne,Jensen,09-06-1958,DK,0.0,4.0,Lawyer
142,392172,Camilla,Hansen,02-04-1975,DK,0.0,4.0,Teaching Assistant
143,252807,Charlotte,Nielsen,21-10-1990,DK,1.0,0.0,Lawyer
144,374596,Oum,Tlm,09-11-1952,DZ,1.0,4.0,Librarian
145,103502,Mohamed,Ben,13-06-1979,DZ,1.0,0.0,Web Designer
146,386604,Nina,Amine,06-02-1991,DZ,1.0,1.0,Lawyer
147,470926,Nour,Ben,26-12-1977,DZ,1.0,1.0,Lawyer
148,490048,ام,Tlm,17-09-1974,DZ,0.0,0.0,Librarian
149,378525,Hamza,Mosta,10-10-1967,DZ,0.0,0.0,Web Designer
150,375147,Walid,Amine,03-01-1965,DZ,0.0,4.0,Librarian
151,368361,أم,Ahmed,06-08-1958,DZ,1.0,1.0,Consultant
152,263565,Ali,Mosta,15-08-1984,DZ,0.0,0.0,Web Designer
153,234437,ام,Oran,19-02-1985,DZ,1.0,1.0,Banker
154,410585,Fati,Nina,23-06-1993,DZ,0.0,0.0,Web Designer
155,429412,Ali,Karim,16-04-1960,DZ,,0.0,Consultant
156,246540,Fati,Tlm,28-11-1993,DZ,1.0,1.0,Librarian
157,55545,Nina,Tlm,02-04-1995,DZ,1.0,0.0,Kitchen staff
158,345865,Fati,Mca,07-11-1983,DZ,1.0,0.0,Consultant
159,484214,Samir,Mosta,04-06-1971,DZ,0.0,2.0,Administrative employee
160,494390,Katrin,Mägi,28-05-2002,EE,0.0,1.0,Teaching Assistant
161,405455,Татьяна,Koppel,27-12-1976,EE,0.0,1.0,Banker
162,110145,Jekaterina,Sepp,30-12-1978,EE,1.0,2.0,Administrative employee
163,349672,Tatjana,Kukk,15-08-1956,EE,0.0,3.0,Web Designer
164,459869,Triin,Kask,11-03-1958,EE,1.0,4.0,Kitchen staff
165,207072,Natalja,Kask,24-07-2002,EE,0.0,,Kitchen staff
166,309393,Елена,Kukk,29-09-1976,EE,0.0,0.0,Banker
167,173834,Aleksandr,Rebane,24-07-1968,EE,0.0,2.0,Teaching Assistant
168,264697,Kristjan,Rebane,27-01-2003,EE,0.0,1.0,Banker
169,169178,Aleksandr,Tamm,30-11-1996,EE,1.0,,Doctor
170,174026,Marta,Gomez,04-03-1959,ES,0.0,1.0,Doctor
171,112928,Francisco,Fernandez,08-06-1956,ES,1.0,,Teaching Assistant
172,400390,Manuel,Rodriguez,05-02-1970,ES,,3.0,Banker
173,186825,Laura,Garcia,04-10-2004,ES,0.0,,Administrative employee
174,266800,Miguel,Martinez,28-08-1961,ES,0.0,1.0,Manager
175,335386,Isabel,Sanchez,01-09-2003,ES,0.0,1.0,Manager
176,433551,Elena,Ruiz,03-08-2003,ES,1.0,0.0,Librarian
177,55293,Pilar,Garcia,28-12-1980,ES,1.0,2.0,Doctor
178,407294,Ana,Fernandez,23-08-1966,ES,1.0,1.0,Banker
179,214921,Jose,Gonzalez,24-05-1970,ES,1.0,2.0,Manager
180,108984,Carmen,Sanchez,08-02-2004,ES,0.0,0.0,Professor
181,331997,Francisco,Ruiz,02-12-1956,ES,0.0,0.0,Administrative employee
182,474783,Juan,Martin,25-02-1981,ES,0.0,3.0,Consultant
183,193582,Jose,Rodriguez,24-10-1953,ES,1.0,1.0,Doctor
184,81448,Pilar,Rodriguez,25-02-1972,ES,,1.0,Librarian
185,372651,Antonio,Gomez,12-12-1965,ES,1.0,0.0,Lawyer
186,74592,Elena,Sanchez,13-08-1971,ES,0.0,,Web Designer
187,494362,Pedro,Gonzalez,25-01-1978,ES,1.0,2.0,Manager
188,260534,Sami,Lehtonen,11-06-1996,FI,0.0,3.0,Banker
189,456590,Jani,Järvinen,21-10-1982,FI,1.0,2.0,Administrative employee
190,358717,Antti,Mäkelä,08-08-1972,FI,0.0,3.0,Consultant
191,139131,Sanna,Virtanen,25-01-1995,FI,1.0,3.0,Consultant
192,449387,Hanna,Järvinen,13-06-1987,FI,1.0,0.0,Manager
193,161092,Jani,Laine,15-10-1958,FI,0.0,,Web Designer
194,339683,Mika,Koskinen,31-03-1993,FI,1.0,1.0,Consultant
195,487427,Hanna,Hämäläinen,26-08-1997,FI,,0.0,Professor
196,347587,Jukka,Hämäläinen,25-12-2001,FI,1.0,1.0,Doctor
197,417303,Julien,Dupont,29-06-1972,FR,1.0,2.0,Doctor
198,115276,Christophe,Dubois,02-04-1962,FR,1.0,0.0,Web Designer
199,423559,Julien,Martin,21-03-1953,FR,0.0,3.0,Librarian
200,425796,Andrew,Jones,03-08-1959,GB,,1.0,Kitchen staff
201,282039,Sarah,Smith,19-06-1958,GB,0.0,2.0,Librarian
202,128202,Mark,Thomas,17-01-1976,GB,1.0,1.0,Consultant
203,155150,Chris,Smith,21-03-1997,GB,0.0,2.0,Teaching Assistant
204,114335,Michael,Smith,24-03-1992,GB,,3.0,Manager
205,287835,Claire,Brown,30-01-1950,GB,0.0,,Lawyer
206,255444,Julie,Smith,22-02-1984,GB,0.0,1.0,Lawyer
207,345941,Rachel,Johnson,02-02-1968,GB,0.0,2.0,Librarian
208,429842,Katie,Taylor,08-01-1978,GB,,0.0,Banker
209,246545,Tom,Johnson,21-05-1974,GB,1.0,4.0,Consultant
210,56611,Rachel,Williams,11-04-2003,GB,,1.0,Consultant
211,148373,Emma,Davies,23-01-1961,GB,0.0,4.0,Administrative employee
212,433072,Laura,Williams,03-12-1952,GB,1.0,0.0,Consultant
213,404245,Mari,Mendez,06-09-1993,GT,0.0,4.0,Librarian
214,388031,Luis,Garcia,29-04-1957,GT,1.0,3.0,Professor
215,317130,Alexander,López,14-07-1982,GT,0.0,0.0,Lawyer
216,225544,Jose,López,09-08-1953,GT,,0.0,Consultant
217,397832,Tomislav,Jurić,29-12-1993,HR,0.0,4.0,Web Designer
218,94772,Ivana,Novak,26-09-1999,HR,1.0,1.0,Banker
219,74281,Maja,Matić,22-05-1970,HR,0.0,,Kitchen staff
220,71653,Sanja,Jurić,10-12-1979,HR,,4.0,Lawyer
221,152933,Martina,Vuković,29-05-1999,HR,0.0,,Administrative employee
222,290419,Ivana,Jurić,28-11-1988,HR,1.0,2.0,Teaching Assistant
223,445607,Kristina,Kovačić,15-12-1975,HR,1.0,,Kitchen staff
224,139723,Kristina,Matić,08-09-1994,HR,1.0,4.0,Lawyer
225,409783,Martina,Vuković,26-12-1970,HR,1.0,4.0,Manager
226,54142,Katarina,Horvat,28-04-1965,HR,0.0,0.0,Web Designer
227,80936,Filip,Kovačević,17-04-1995,HR,1.0,3.0,Lawyer
228,205618,Nikolina,Knežević,05-04-1986,HR,0.0,,Manager
229,98076,Filip,Knežević,20-05-1971,HR,1.0,0.0,Doctor
230,136661,Iva,Tomić,02-02-1972,HR,0.0,,Consultant
231,219173,Éva,Kiss,23-01-1993,HU,1.0,0.0,Librarian
232,445154,Ágnes,Horváth,02-03-1975,HU,1.0,0.0,Kitchen staff
233,123308,Éva,Molnár,11-10-1978,HU,1.0,0.0,Kitchen staff
234,437410,Szilvia,Nagy,28-06-1969,HU,0.0,,Professor
235,458845,Mária,Farkas,06-07-1980,HU,1.0,0.0,Lawyer
236,316402,Tamás,Németh,23-02-1968,HU,1.0,2.0,Consultant
237,441693,Judit,Molnár,27-06-1980,HU,0.0,1.0,Professor
238,104829,János,Balogh,19-09-1975,HU,0.0,2.0,Teaching Assistant
239,316881,István,Szabó,06-05-1952,HU,1.0,1.0,Teaching Assistant
240,190227,Eszter,Balogh,05-03-1981,HU,0.0,,Professor
241,128428,Judit,Németh,29-05-1976,HU,0.0,,Doctor
242,118786,Zoltán,Nagy,02-10-1991,HU,0.0,4.0,Teaching Assistant
243,327450,István,Balogh,16-07-1970,HU,1.0,0.0,Doctor
244,422554,István,Szabó,11-01-1985,HU,1.0,1.0,Teaching Assistant
245,93043,Katalin,Balogh,11-03-1984,HU,0.0,0.0,Web Designer
246,206658,Zsuzsanna,Kovács,04-01-1968,HU,1.0,,Web Designer
247,299751,Paul,Byrne,07-04-2000,IE,1.0,1.0,Administrative employee
248,162078,Mark,Walsh,18-12-1964,IE,1.0,1.0,Professor
249,112473,Michelle,Obrien,25-07-1973,IE,1.0,4.0,Librarian
250,370095,Shane,Lynch,24-07-1976,IE,,,Administrative employee
251,278499,Caroline,Obrien,21-04-1964,IE,0.0,0.0,Consultant
252,307917,Margaret,Byrne,28-05-1986,IE,0.0,0.0,Professor
253,462591,Michelle,Byrne,17-12-1981,IE,1.0,,Doctor
254,210302,Marie,Walsh,08-07-1976,IE,,,Manager
255,312807,Catherine,Ryan,28-08-1980,IE,0.0,1.0,Lawyer
256,134369,Michael,Walsh,14-04-1974,IE,0.0,2.0,Manager
257,278027,Mark,Ryan,02-06-1994,IE,1.0,3.0,Manager
258,490289,Caroline,Smith,11-05-1969,IE,1.0,2.0,Kitchen staff
259,261785,Paul,Smith,24-08-1999,IE,0.0,3.0,Professor
260,85374,James,Oconnor,28-02-2004,IE,1.0,1.0,Administrative employee
261,252452,Marie,Oconnor,22-06-1994,IE,1.0,2.0,Banker
262,75753,Sanjay,Das,03-03-1988,IN,0.0,,Administrative employee
263,139418,Amit,Khan,05-05-2000,IN,1.0,4.0,Teaching Assistant
264,89156,Vicky,Ali,18-02-1980,IN,1.0,0.0,Kitchen staff
265,130804,Md,Gupta,09-04-1976,IN,1.0,,Teaching Assistant
266,390051,Pooja,Raj,02-12-1950,IN,0.0,2.0,Administrative employee
267,454812,Ravi,Raj,04-12-1984,IN,0.0,2.0,Librarian
268,74955,Ajay,Singh,19-11-1958,IN,1.0,,Administrative employee
269,72790,Riya,Sharma,08-02-1954,IN,1.0,,Teaching Assistant
270,117681,Vicky,Ansari,22-06-1950,IN,1.0,3.0,Lawyer
271,230297,Raj,Gupta,19-08-2004,IN,1.0,0.0,Doctor
272,304250,Sigurður,Gunnarsdóttir,23-04-1984,IS,0.0,0.0,Lawyer
273,365308,Kristinn,Ólafsdóttir,22-07-1954,IS,,,Librarian
274,498090,Berglind,Jónsdóttir,19-07-1994,IS,1.0,4.0,Lawyer
275,401599,Arnar,Gunnarsson,25-01-1971,IS,1.0,2.0,Librarian
276,155104,Ólafur,Gunnarsdóttir,21-06-1985,IS,0.0,1.0,Teaching Assistant
277,476058,Antonio,Romano,18-07-1989,IT,1.0,,Kitchen staff
278,66054,Stefano,Romano,21-07-1994,IT,1.0,0.0,Banker
279,99070,Angela,Ferrari,15-11-1952,IT,,2.0,Web Designer
280,184684,Maria,Giordano,07-03-1951,IT,1.0,2.0,Professor
281,139718,Laura,Marino,04-12-1956,IT,1.0,2.0,Manager
282,202965,Marco,Greco,16-08-1965,IT,0.0,3.0,Manager
283,420031,Laura,Bianchi,12-09-1995,IT,0.0,2.0,Banker
284,276061,Marco,Ferrari,24-11-1962,IT,0.0,,Web Designer
285,463686,Antonella,Rossi,19-05-2002,IT,1.0,0.0,Administrative employee
286,205427,Roberto,Russo,18-02-1992,IT,1.0,1.0,Manager
287,113423,Angela,Greco,28-08-1965,IT,0.0,2.0,Administrative employee
288,267482,Sara,Giordano,20-02-1986,IT,0.0,0.0,Banker
289,312753,Laura,Ferrari,04-10-1975,IT,1.0,2.0,Kitchen staff
290,250880,Luca,Ferrari,18-04-1969,IT,1.0,3.0,Administrative employee
291,411347,Roberto,Esposito,17-09-1958,IT,0.0,0.0,Consultant
292,353494,Daniela,Ferrari,15-10-1959,IT,1.0,,Teaching Assistant
293,443760,Luca,Bianchi,15-04-1986,IT,0.0,0.0,Consultant
294,208602,Antonella,Bruno,12-08-1977,IT,1.0,2.0,Banker
295,492042,Giovanni,Bianchi,20-12-1970,IT,0.0,0.0,Lawyer
296,239485,Noriko,Watanabe,23-10-2004,JP,1.0,1.0,Professor
297,420023,Yuka,Watanabe,14-07-1989,JP,0.0,0.0,Banker
298,292811,상훈,Park,01-12-1963,KR,1.0,1.0,Professor
299,99799,현주,Kim,26-07-1989,KR,1.0,,Consultant
300,331826,영진,Kwon,26-12-1977,KR,1.0,1.0,Librarian
301,269319,정훈,Jeong,25-07-2003,KR,1.0,2.0,Administrative employee
302,83095,현숙,Kang,05-12-1996,KR,0.0,0.0,Teaching Assistant
303,93918,경희,Jung,17-09-1951,KR,0.0,0.0,Web Designer
304,456169,영식,Shin,30-04-1976,KR,0.0,1.0,Lawyer
305,435423,영희,Shin,14-07-1978,KR,0.0,1.0,Web Designer
306,361536,영수,Park,04-03-1959,KR,,3.0,Lawyer
307,477693,경숙,Park,13-12-1967,KR,0.0,4.0,Banker
308,421189,현주,Shin,21-12-1957,KR,1.0,,Doctor
309,102887,영진,Kim,10-02-2003,KR,1.0,4.0,Banker
310,213257,성수,Cho,09-09-1952,KR,1.0,1.0,Doctor
311,95090,정숙,Jung,22-06-1981,KR,0.0,,Banker
312,88784,선희,Seo,24-09-1987,KR,0.0,3.0,Web Designer
313,262004,영식,Jung,18-10-1987,KR,0.0,,Doctor
314,379285,현숙,Cho,26-10-1967,KR,,0.0,Lawyer
315,373145,Marius,Kavaliauskas,10-12-2000,LT,0.0,0.0,Kitchen staff
316,188595,Paulius,Paulauskas,27-05-1991,LT,,0.0,Administrative employee
317,195333,Edita,Ramanauskas,30-06-1963,LT,,,Administrative employee
318,413854,Irena,Urbonas,13-12-1981,LT,0.0,1.0,Kitchen staff
319,270322,Rasa,Jankauskas,11-12-2004,LT,0.0,1.0,Teaching Assistant
320,337309,Viktorija,Paulauskas,27-01-1977,LT,1.0,1.0,Lawyer
321,465459,Karolis,Urbonas,24-10-2003,LT,,0.0,Consultant
322,155989,Vytautas,Urbonas,12-10-1955,LT,0.0,1.0,Administrative employee
323,378004,Saulius,Paulauskas,23-01-2003,LT,0.0,1.0,Banker
324,491324,Kristina,Vasiliauskas,29-07-1986,LT,1.0,0.0,Doctor
325,418016,Andrius,Butkus,29-01-1986,LT,0.0,1.0,Consultant
326,98420,Asta,Vasiliauskas,01-07-1979,LT,1.0,,Banker
327,301427,Viktorija,Rimkus,01-04-1998,LT,0.0,4.0,Consultant
328,173968,Edita,Butkus,24-10-1963,LT,1.0,1.0,Teaching Assistant
329,344188,Ieva,Nesvarbu,09-05-1953,LT,1.0,2.0,Kitchen staff
330,271281,Mireille,Marques,18-03-1958,LU,0.0,0.0,Librarian
331,461914,Claude,Teixeira,14-03-1952,LU,,0.0,Lawyer
332,319344,Jil,Goncalves,01-06-1961,LU,1.0,0.0,Lawyer
333,243081,Jil,Gonçalves,25-04-1993,LU,0.0,2.0,Doctor
334,312579,Nuno,Marques,24-05-1992,LU,1.0,2.0,Doctor
335,92028,Romain,Schmit,27-07-1982,LU,0.0,1.0,Teaching Assistant
336,138089,Claudine,Teixeira,31-10-1985,LU,1.0,1.0,Doctor
337,128289,Mireille,Monteiro,31-03-1997,LU,0.0,0.0,Consultant
338,319412,Laurent,Gonçalves,07-09-1960,LU,1.0,0.0,Consultant
339,189098,Mireille,Lux,03-06-1952,LU,1.0,1.0,Banker
340,55844,Mireille,Wagner,03-06-1978,LU,1.0,2.0,Banker
341,431785,Gheorghe,Lungu,31-08-2001,MD,1.0,3.0,Administrative employee
342,134878,Людмила,Popa,11-06-1953,MD,1.0,2.0,Web Designer
343,376938,Rodica,Ceban,04-07-1991,MD,1.0,0.0,Kitchen staff
344,448611,Alexandru,Ciobanu,14-03-1993,MD,0.0,1.0,Librarian
345,201578,Ольга,Rotaru,15-02-1980,MD,1.0,1.0,Lawyer
346,103320,Светлана,Cebotari,28-07-1964,MD,,0.0,Professor
347,221345,Rodica,Ion,21-09-1951,MD,1.0,1.0,Manager
348,51336,Vasile,Ciobanu,17-08-1973,MD,0.0,2.0,Web Designer
349,336421,Alexandru,Ursu,05-09-1960,MD,0.0,,Teaching Assistant
350,52362,Анна,Cebotari,20-12-1975,MD,0.0,2.0,Kitchen staff
351,495616,Godwin,Grech,26-09-2003,MT,0.0,4.0,Doctor
352,381958,Chantelle,Grech,29-10-1969,MT,1.0,1.0,Banker
353,495126,Godwin,Camilleri,30-05-1999,MT,1.0,1.0,Manager
354,64455,Darren,Spiteri,07-01-1956,MT,0.0,1.0,Professor
355,74928,Mariella,Micallef,10-08-1970,MT,1.0,4.0,Doctor
356,403234,Roderick,Galea,20-05-1961,MT,,1.0,Lawyer
357,141358,Shaun,Camilleri,10-08-1989,MT,0.0,0.0,Doctor
358,205111,Clayton,Camilleri,29-02-1964,MT,0.0,0.0,Teaching Assistant
359,181774,Keith,Zammit,07-02-1980,MT,0.0,4.0,Professor
360,69330,Lucienne,Grech,27-03-1984,MT,0.0,,Teaching Assistant
361,63259,Chantelle,Grech,03-12-1965,MT,0.0,0.0,Banker
362,377092,Clint,Spiteri,17-02-2000,MT,0.0,1.0,Teaching Assistant
363,103669,Dorianne,Grech,07-12-1983,MT,1.0,0.0,Administrative employee
364,71421,Alejandra,Hernandez,18-12-2002,MX,0.0,,Banker
365,374367,Angel,Rodriguez,18-10-1992,MX,0.0,4.0,Administrative employee
366,410819,Manuel,Perez,14-09-1972,MX,1.0,4.0,Administrative employee
367,424913,Angel,Sanchez,31-01-1970,MX,0.0,2.0,Banker
368,75814,Miguel,Perez,14-07-1960,MX,1.0,0.0,Kitchen staff
369,337162,Laura,Martinez,07-02-1954,MX,,,Teaching Assistant
370,350097,Guadalupe,Flores,09-02-1955,MX,0.0,,Administrative employee
371,438650,Lupita,Gonzalez,25-07-1958,MX,0.0,,Banker
372,356179,Luis,Sanchez,17-07-1968,MX,1.0,1.0,Web Designer
373,350038,Jesus,Sanchez,21-04-1958,MX,0.0,,Lawyer
374,101833,Angel,Torres,26-07-1992,MX,0.0,0.0,Teaching Assistant
375,134240,Martha,Lopez,07-12-1979,MX,0.0,0.0,Lawyer
376,173986,Abdul,Chong,24-02-1961,MY,,4.0,Lawyer
377,313332,Farah,Ahmad,20-01-2001,MY,1.0,1.0,Administrative employee
378,424647,Ahmad,Chan,22-04-1962,MY,1.0,,Administrative employee
379,425755,Muhammad,Ng,09-11-1977,MY,0.0,0.0,Banker
380,250547,Siti,Abdullah,28-01-1965,MY,0.0,3.0,Banker
381,430167,Abdul,Ahmad,17-12-2004,MY,1.0,0.0,Web Designer
382,160436,Wan,Tan,01-01-1985,MY,,4.0,Lawyer
383,458433,Muhammad,Wong,13-05-1952,MY,0.0,1.0,Web Designer
384,241658,Amy,Tan,08-03-2004,MY,1.0,1.0,Doctor
385,278280,Mohd,Chan,26-07-1976,MY,1.0,1.0,Librarian
386,320288,Fatin,Ismail,13-06-1950,MY,1.0,0.0,Web Designer
387,265063,Farah,Wong,21-05-1990,MY,1.0,2.0,Professor
388,212608,Md,Ahmad,04-01-1970,MY,0.0,3.0,Manager
389,303320,Mohamad,Chan,10-12-1984,MY,0.0,4.0,Librarian
390,296873,Siti,Ahmad,07-05-1994,MY,0.0,4.0,Professor
391,155816,Nor,Ahmad,25-08-1989,MY,1.0,,Consultant
392,136304,Siti,Ismail,23-11-1983,MY,1.0,0.0,Manager
393,367222,Mohamad,Ahmad,11-06-2003,MY,0.0,1.0,Professor
394,269234,Farah,Abdullah,13-09-1958,MY,0.0,0.0,Manager
395,61427,Tan,Lim,24-08-1963,MY,1.0,1.0,Teaching Assistant
396,492269,Peter,De Boer,07-12-1958,NL,0.0,2.0,Doctor
397,118521,Rob,Jansen,08-05-1956,NL,1.0,2.0,Banker
398,309666,Dennis,De Vries,27-08-1990,NL,1.0,,Administrative employee
399,477658,Rob,Janssen,09-09-1969,NL,0.0,,Kitchen staff
400,439207,Marianne,Karlsen,31-08-1972,NO,0.0,,Banker
401,308824,Terje,Andersen,27-09-1960,NO,0.0,2.0,Manager
402,208583,Silje,Johnsen,22-04-1958,NO,0.0,2.0,Lawyer
403,488627,Kristin,Kristiansen,09-04-1978,NO,1.0,2.0,Web Designer
404,170405,Morten,Nilsen,01-04-2004,NO,0.0,0.0,Lawyer
405,245234,Ole,Larsen,14-07-1968,NO,1.0,1.0,Kitchen staff
406,420716,Bjørn,Karlsen,29-07-1984,NO,0.0,0.0,Doctor
407,99511,Terje,Jensen,04-02-1968,NO,1.0,,Kitchen staff
408,335431,Bente,Hansen,14-05-2000,NO,0.0,1.0,Librarian
409,485592,Silje,Pedersen,06-01-1989,NO,0.0,0.0,Doctor
410,167617,Ole,Hansen,20-11-1961,NO,0.0,1.0,Librarian
411,236738,Rune,Jensen,06-01-1992,NO,0.0,0.0,Teaching Assistant
412,178336,Jm,Chua,21-07-1962,PH,1.0,1.0,Teaching Assistant
413,461572,Cherry,Bautista,26-09-1987,PH,0.0,1.0,Banker
414,462820,Maricel,Tan,20-05-1956,PH,0.0,0.0,Doctor
415,353509,Cherry,Tan,28-02-1957,PH,0.0,4.0,Administrative employee
416,205277,Marites,Tan,04-01-1991,PH,,4.0,Consultant
417,323386,Maricel,Lim,15-09-1997,PH,1.0,1.0,Administrative employee
418,176549,Arlene,Villanueva,28-03-1950,PH,0.0,1.0,Teaching Assistant
419,315451,Jun,Aquino,11-10-1971,PH,0.0,,Librarian
420,386875,Maricel,Sy,31-05-1990,PH,0.0,,Manager
421,443644,Jun,Tan,18-11-1969,PH,0.0,1.0,Banker
422,151380,Arnel,Villanueva,11-05-1965,PH,0.0,1.0,Doctor
423,323922,Cherry,Bautista,04-10-2004,PH,1.0,0.0,Consultant
424,323076,Jay,Chua,28-10-1953,PH,0.0,,Administrative employee
425,195460,Jun,Tan,28-08-1999,PH,0.0,0.0,Administrative employee
426,341996,Jm,Villanueva,04-09-1968,PH,0.0,0.0,Administrative employee
427,188151,Carlo,Francisco,10-06-1997,PH,0.0,0.0,Professor
428,132908,Jun,Dela Cruz,08-01-1980,PH,0.0,3.0,Doctor
429,358144,Karolina,Kowalska,20-11-1982,PL,1.0,1.0,Librarian
430,293074,Krzysztof,Krawczyk,26-12-1985,PL,0.0,,Manager
431,194911,Łukasz,Krawczyk,09-09-1995,PL,1.0,0.0,Lawyer
432,236375,Krzysztof,Wieczorek,21-01-2004,PL,1.0,1.0,Consultant
433,233985,Tomasz,Nowak,12-10-1977,PL,1.0,,Lawyer
434,103055,Joanna,Wieczorek,29-11-1997,PL,0.0,2.0,Lawyer
435,97656,Piotr,Kaczmarek,03-11-1954,PL,1.0,0.0,Manager
436,157190,Monika,Mazur,10-05-1983,PL,0.0,0.0,Librarian
437,236532,Karolina,Wieczorek,11-08-1963,PL,1.0,0.0,Kitchen staff
438,479002,Katarzyna,Król,26-09-1994,PL,1.0,0.0,Doctor
439,439106,Joanna,Woźniak,19-03-1994,PL,1.0,,Librarian
440,287783,Piotr,Wieczorek,17-06-2004,PL,1.0,0.0,Consultant
441,439665,Krzysztof,Król,06-01-1986,PL,1.0,,Consultant
442,237011,Michał,Wójcik,31-10-1984,PL,1.0,1.0,Web Designer
443,87832,Joanna,Mazur,22-11-1967,PL,0.0,2.0,Administrative employee
444,161424,Nydia,Santiago,09-03-1985,PR,1.0,2.0,Banker
445,420124,Jose A,Rosado,25-03-1972,PR,1.0,0.0,Administrative employee
446,347180,Enid,Velez,30-11-1982,PR,,3.0,Manager
447,147541,Junito,Rosado,28-02-2003,PR,0.0,0.0,Web Designer
448,239922,Wanda,Marrero,30-06-1973,PR,0.0,1.0,Administrative employee
449,286947,Awilda,Marrero,21-06-1966,PR,,3.0,Kitchen staff
450,396874,Wanda,Velez,07-02-1951,PR,0.0,1.0,Administrative employee
451,81803,Ivelisse,Colon,31-01-1970,PR,1.0,2.0,Administrative employee
452,234727,Jomar,Pagan,28-07-1987,PR,,4.0,Manager
453,256434,Josean,Pagan,10-04-1993,PR,1.0,1.0,Consultant
454,54115,Miguel,Sousa,28-10-1988,PT,1.0,0.0,Administrative employee
455,105223,Miguel,Santos,02-06-1968,PT,0.0,3.0,Administrative employee
456,378201,Carla,Gomes,14-08-1979,PT,0.0,1.0,Manager
457,287265,João,Sousa,19-05-1973,PT,1.0,2.0,Manager
458,332021,Rui,Fernandes,04-06-1977,PT,1.0,0.0,Kitchen staff
459,432034,Paulo,Oliveira,14-06-1952,PT,1.0,2.0,Manager
460,469538,Rita,Silva,15-12-2004,PT,0.0,0.0,Teaching Assistant
461,287153,Isabel,Silva,06-01-2004,PT,0.0,0.0,Banker
462,102096,Paulo,Ferreira,25-03-1971,PT,1.0,0.0,Administrative employee
463,268250,Joana,Costa,27-08-1994,PT,0.0,,Kitchen staff
464,168251,Sara,Martins,18-11-1982,PT,0.0,0.0,Administrative employee
465,194108,Ирина,Смирнова,18-12-1963,RU,,3.0,Doctor
466,321737,Юлия,Попова,20-11-2002,RU,0.0,2.0,Web Designer
467,186729,Elin,Svensson,24-01-1955,SE,0.0,0.0,Lawyer
468,316292,Stefan,Larsson,23-08-1975,SE,1.0,0.0,Librarian
469,224022,Magnus,Eriksson,15-07-1991,SE,1.0,0.0,Kitchen staff
470,142781,Anders,Larsson,13-03-1973,SE,1.0,4.0,Kitchen staff
471,356918,Karin,Gustafsson,17-11-1984,SE,0.0,0.0,Consultant
472,176740,Johan,Andersson,19-06-1976,SE,0.0,3.0,Administrative employee
473,184233,Johanna,Svensson,28-03-1987,SE,0.0,4.0,Administrative employee
474,308838,Fredrik,Eriksson,21-10-1967,SE,1.0,0.0,Kitchen staff
475,150833,Johan,Larsson,07-04-1994,SE,1.0,0.0,Kitchen staff
476,341911,Emma,Pettersson,10-08-1981,SE,0.0,4.0,Administrative employee
477,267263,Johan,Johansson,13-03-1988,SE,,0.0,Web Designer
478,150135,Malin,Karlsson,21-11-1952,SE,0.0,2.0,Consultant
479,472006,Eva,Andersson,08-10-1951,SE,1.0,1.0,Web Designer
480,392524,Karin,Gustafsson,09-02-1988,SE,1.0,4.0,Librarian
481,482341,Elin,Gustafsson,03-01-1976,SE,1.0,1.0,Web Designer
482,479206,Jasmine,Koh,03-10-1998,SG,,2.0,Teaching Assistant
483,311050,Ng,Lim,25-06-1968,SG,,0.0,Web Designer
484,439823,Jason,Kumar,21-06-1958,SG,1.0,0.0,Professor
485,132429,Md,Ong,12-05-1957,SG,0.0,1.0,Professor
486,139768,Wong,Tan,21-08-1954,SG,0.0,,Kitchen staff
487,296225,Emre,Yılmaz,11-06-1970,TR,1.0,1.0,Consultant
488,148721,Zeynep,Çelik,26-11-1966,TR,,0.0,Professor
489,274093,Ahmet,Demir,14-12-1987,TR,1.0,0.0,Kitchen staff
490,218198,Emre,Can,19-02-1996,TR,0.0,4.0,Teaching Assistant
491,451909,Hasan,Yıldırım,09-10-1999,TR,0.0,2.0,Manager
492,458967,Emine,Aydın,14-01-1952,TR,0.0,1.0,Doctor
493,164104,Zeynep,Can,18-06-1996,TR,1.0,1.0,Professor
494,483214,Merve,Öztürk,26-02-1979,TR,1.0,0.0,Librarian
495,298834,Dilek,Kaya,23-06-1985,TR,1.0,0.0,Banker
496,129873,Ömer,Yıldız,25-12-1963,TR,0.0,0.0,Banker
497,413740,Hüseyin,Yıldırım,18-02-2004,TR,,0.0,Administrative employee
498,182323,Mustafa,Öztürk,03-03-1991,TR,0.0,0.0,Banker
499,428485,Lisa,Perez,15-01-1996,US,1.0,2.0,Manager
500,247178,Juan,Sanchez,26-09-1960,US,0.0,0.0,Kitchen staff
501,485581,Lisa,Rodriguez,25-02-1961,US,1.0,4.0,Administrative employee
502,210226,Daniel,Gonzalez,23-11-1974,US,0.0,1.0,Consultant
503,80417,Alex,Hernandez,27-05-1973,US,1.0,,Librarian
504,345133,Elizabeth,Ramirez,05-08-2002,US,,1.0,Administrative employee
505,142924,Juan,Lopez,01-03-1951,US,1.0,0.0,Teaching Assistant
506,112922,Maria,Lopez,26-09-2003,US,1.0,1.0,Teaching Assistant
507,240299,James,Gonzalez,24-01-1996,US,1.0,4.0,Manager
508,424131,Michelle,Rodriguez,29-07-1993,US,0.0,0.0,Administrative employee
509,70805,Maria,Hernandez,28-07-1960,US,0.0,2.0,Banker
510,498935,Chris,Martinez,15-07-1956,US,,1.0,Doctor
511,126530,Daniel,Smith,07-02-1960,US,,,Kitchen staff
512,443995,Jessica,Johnson,09-11-1986,US,1.0,2.0,Teaching Assistant
513,209200,Juan,Hernandez,10-10-2000,US,1.0,0.0,Kitchen staff
514,355782,Daniel,Gonzalez,10-07-1952,US,1.0,,Consultant
515,196970,David,Garcia,05-12-1972,US,0.0,1.0,Lawyer
516,232985,Thabiso,Smith,01-03-1965,ZA,1.0,,Kitchen staff
517,135064,Zanele,Smith,16-09-1961,ZA,0.0,0.0,Teaching Assistant
518,104061,Precious,Mokoena,11-11-2003,ZA,0.0,0.0,Teaching Assistant
519,286195,Michael,Mahlangu,05-03-1967,ZA,0.0,1.0,Teaching Assistant
520,433954,Linda,Nkosi,07-12-1965,ZA,1.0,4.0,Administrative employee
521,425700,Amanda,Mahlangu,23-12-1968,ZA,1.0,3.0,Web Designer
522,146163,David,Sithole,04-06-1999,ZA,1.0,0.0,Lawyer
